canton,date,first_doses,second_doses,total_vaccinations,source
VD,2021-02-24,53700,20263,73963,https://monitoring.unisante.ch/d/krLTmEfGk/donnees-vaccination-covid-19-vaud
SH,2021-02-24,6463,3570,10033,https://sh.ch/CMS/Webseite/Kanton-Schaffhausen/Beh-rde/Verwaltung/Departement-des-Innern/Gesundheitsamt-3209198-DE.html
BE,2021-02-24,,18242,78550,https://www.besondere-lage.sites.be.ch/de/start/impfen.html
ZG,2021-02-23,7975,6416,14391,https://www.zg.ch/behoerden/gesundheitsdirektion/statistikfachstelle/daten/themen/result-themen-14-03-12.csv
VS,2021-02-23,,,29780,https://www.vs.ch/documents/6756452/7008787/2021 02 23 - Sit Epid - État Stand
VD,2021-02-23,53396,19022,72418,https://monitoring.unisante.ch/d/krLTmEfGk/donnees-vaccination-covid-19-vaud
TG,2021-02-23,,,22870,https://www.tg.ch/news/fachstab-gesundheit-coronavirus.html/10552
SO,2021-02-23,17664,,17664,https://corona.so.ch/index.php?id=27979
SH,2021-02-23,6312,3540,9852,https://sh.ch/CMS/Webseite/Kanton-Schaffhausen/Beh-rde/Verwaltung/Departement-des-Innern/Gesundheitsamt-3209198-DE.html
NW,2021-02-23,,,5138,https://www.nw.ch/gesundheitsamtdienste/6044
LU,2021-02-23,19907,12221,32128,https://www.lustat.ch/daten?id=28177
GR,2021-02-23,12707,5130,17837,https://www.gr.ch/DE/institutionen/verwaltung/djsg/ga/coronavirus/info/impfen/Seiten/impfen.aspx
GE,2021-02-23,30185,13526,43711,https://www.ge.ch/se-faire-vacciner-contre-covid-19/vaccination-chiffres
BS,2021-02-23,11658,8783,20441,https://data.bs.ch/explore/dataset/100111/download/?format=csv&timezone=Europe/Berlin&lang=en&use_labels_for_header=true&csv_separator=%3B
BE,2021-02-23,,15851,74608,https://www.besondere-lage.sites.be.ch/de/start/impfen.html
ZH,2021-02-22,83200,19526,102726,https://www.zh.ch/content/dam/zhweb/bilder-dokumente/themen/gesundheit/corona/hauptseite/gd_zh_corona_lagebulletin.pdf
ZG,2021-02-22,7911,6161,14072,https://www.zg.ch/behoerden/gesundheitsdirektion/statistikfachstelle/daten/themen/result-themen-14-03-12.csv
VS,2021-02-22,,,28255,https://www.vs.ch/documents/6756452/7008787/2021 02 22 - Sit Epid - État Stand
VD,2021-02-22,52826,16894,69720,https://monitoring.unisante.ch/d/krLTmEfGk/donnees-vaccination-covid-19-vaud
TG,2021-02-22,,,22134,https://www.tg.ch/news/fachstab-gesundheit-coronavirus.html/10552
SO,2021-02-22,15986,,15986,https://corona.so.ch/index.php?id=27979
SH,2021-02-22,6307,3253,9560,https://sh.ch/CMS/Webseite/Kanton-Schaffhausen/Beh-rde/Verwaltung/Departement-des-Innern/Gesundheitsamt-3209198-DE.html
NW,2021-02-22,,,5138,https://www.nw.ch/gesundheitsamtdienste/6044
NE,2021-02-22,,,15085,https://www.ne.ch/autorites/DFS/SCSP/medecin-cantonal/maladies-vaccinations/Pages/Covid-19-statistiques.aspx
LU,2021-02-22,19650,11438,31088,https://www.lustat.ch/daten?id=28177
GR,2021-02-22,12442,4682,17124,https://www.gr.ch/DE/institutionen/verwaltung/djsg/ga/coronavirus/info/impfen/Seiten/impfen.aspx
BS,2021-02-22,11629,8592,20221,https://data.bs.ch/explore/dataset/100111/download/?format=csv&timezone=Europe/Berlin&lang=en&use_labels_for_header=true&csv_separator=%3B
BL,2021-02-22,,,25666,https://www.baselland.ch/politik-und-behorden/direktionen/volkswirtschafts-und-gesundheitsdirektion/amt-fur-gesundheit/medizinische-dienste/kantonsarztlicher-dienst/aktuelles/covid-19-faelle-kanton-basel-landschaft/covid-19-impfungen
BE,2021-02-22,,14094,71856,https://www.besondere-lage.sites.be.ch/de/start/impfen.html
AR,2021-02-22,,,5102,https://www.ar.ch/verwaltung/departement-gesundheit-und-soziales/amt-fuer-gesundheit/informationsseite-coronavirus/
AG,2021-02-22,36493,12294,48787,https://www.ag.ch/de/themen_1/coronavirus_2/lagebulletins/lagebulletins_1.jsp
ZG,2021-02-21,7881,5896,13777,https://www.zg.ch/behoerden/gesundheitsdirektion/statistikfachstelle/daten/themen/result-themen-14-03-12.csv
VD,2021-02-21,52441,15585,68026,https://monitoring.unisante.ch/d/krLTmEfGk/donnees-vaccination-covid-19-vaud
TG,2021-02-21,,,21633,https://www.tg.ch/news/fachstab-gesundheit-coronavirus.html/10552
NW,2021-02-21,,,5138,https://www.nw.ch/gesundheitsamtdienste/6044
BS,2021-02-21,11623,8390,20013,https://data.bs.ch/explore/dataset/100111/download/?format=csv&timezone=Europe/Berlin&lang=en&use_labels_for_header=true&csv_separator=%3B
BL,2021-02-21,,,24733,https://www.baselland.ch/politik-und-behorden/direktionen/volkswirtschafts-und-gesundheitsdirektion/amt-fur-gesundheit/medizinische-dienste/kantonsarztlicher-dienst/aktuelles/covid-19-faelle-kanton-basel-landschaft/covid-19-impfungen
AG,2021-02-21,35534,11017,46551,https://www.ag.ch/de/themen_1/coronavirus_2/lagebulletins/lagebulletins_1.jsp
ZG,2021-02-20,7840,5373,13213,https://www.zg.ch/behoerden/gesundheitsdirektion/statistikfachstelle/daten/themen/result-themen-14-03-12.csv
VD,2021-02-20,52320,15585,67905,https://monitoring.unisante.ch/d/krLTmEfGk/donnees-vaccination-covid-19-vaud
TG,2021-02-20,,,21466,https://www.tg.ch/news/fachstab-gesundheit-coronavirus.html/10552
NW,2021-02-20,,,5138,https://www.nw.ch/gesundheitsamtdienste/6044
LU,2021-02-20,19459,10705,30164,https://www.lustat.ch/daten?id=28177
BS,2021-02-20,11623,8390,20013,https://data.bs.ch/explore/dataset/100111/download/?format=csv&timezone=Europe/Berlin&lang=en&use_labels_for_header=true&csv_separator=%3B
BL,2021-02-20,,,24733,https://www.baselland.ch/politik-und-behorden/direktionen/volkswirtschafts-und-gesundheitsdirektion/amt-fur-gesundheit/medizinische-dienste/kantonsarztlicher-dienst/aktuelles/covid-19-faelle-kanton-basel-landschaft/covid-19-impfungen
AG,2021-02-20,35534,11017,46551,https://www.ag.ch/de/themen_1/coronavirus_2/lagebulletins/lagebulletins_1.jsp
ZH,2021-02-19,82813,16183,98996,https://www.zh.ch/content/dam/zhweb/bilder-dokumente/themen/gesundheit/corona/hauptseite/gd_zh_corona_lagebulletin.pdf
ZG,2021-02-19,7796,4856,12652,https://www.zg.ch/behoerden/gesundheitsdirektion/statistikfachstelle/daten/themen/result-themen-14-03-12.csv
VS,2021-02-19,,,26710,https://www.vs.ch/documents/6756452/7008787/2021 02 19 - Sit Epid - État Stand
VD,2021-02-19,52193,15415,67608,https://monitoring.unisante.ch/d/krLTmEfGk/donnees-vaccination-covid-19-vaud
TG,2021-02-19,,,21298,https://www.tg.ch/news/fachstab-gesundheit-coronavirus.html/10552
SO,2021-02-19,15980,,15980,https://corona.so.ch/index.php?id=27979
SH,2021-02-19,6290,3002,9292,https://sh.ch/CMS/Webseite/Kanton-Schaffhausen/Beh-rde/Verwaltung/Departement-des-Innern/Gesundheitsamt-3209198-DE.html
NW,2021-02-19,,,5138,https://www.nw.ch/gesundheitsamtdienste/6044
LU,2021-02-19,19420,9824,29244,https://www.lustat.ch/daten?id=28177
GR,2021-02-19,12187,4395,16582,https://www.gr.ch/DE/institutionen/verwaltung/djsg/ga/coronavirus/info/impfen/Seiten/impfen.aspx
GE,2021-02-19,28414,11626,40040,https://www.ge.ch/se-faire-vacciner-contre-covid-19/vaccination-chiffres
BS,2021-02-19,11623,8390,20013,https://data.bs.ch/explore/dataset/100111/download/?format=csv&timezone=Europe/Berlin&lang=en&use_labels_for_header=true&csv_separator=%3B
BL,2021-02-19,,,24733,https://www.baselland.ch/politik-und-behorden/direktionen/volkswirtschafts-und-gesundheitsdirektion/amt-fur-gesundheit/medizinische-dienste/kantonsarztlicher-dienst/aktuelles/covid-19-faelle-kanton-basel-landschaft/covid-19-impfungen
BE,2021-02-19,,11859,67781,https://www.besondere-lage.sites.be.ch/de/start/impfen.html
AI,2021-02-19,1161,956,2117,https://www.ai.ch/themen/gesundheit-alter-und-soziales/gesundheitsfoerderung-und-praevention/uebertragbare-krankheiten/coronavirus/impfung
AG,2021-02-19,34318,10844,45162,https://www.ag.ch/de/themen_1/coronavirus_2/lagebulletins/lagebulletins_1.jsp
ZG,2021-02-18,7753,4083,11836,https://www.zg.ch/behoerden/gesundheitsdirektion/statistikfachstelle/daten/themen/result-themen-14-03-12.csv
VS,2021-02-18,,,26145,https://www.vs.ch/documents/6756452/7008787/2021 02 18 - Sit Epid - État Stand
VD,2021-02-18,51271,14131,65402,https://monitoring.unisante.ch/d/krLTmEfGk/donnees-vaccination-covid-19-vaud
TG,2021-02-18,,,20818,https://www.tg.ch/news/fachstab-gesundheit-coronavirus.html/10552
SO,2021-02-18,15857,,15857,https://corona.so.ch/index.php?id=27979
SH,2021-02-18,6237,2250,8487,https://sh.ch/CMS/Webseite/Kanton-Schaffhausen/Beh-rde/Verwaltung/Departement-des-Innern/Gesundheitsamt-3209198-DE.html
LU,2021-02-18,19011,8857,27868,https://www.lustat.ch/daten?id=28177
GR,2021-02-18,11664,4385,16049,https://www.gr.ch/DE/institutionen/verwaltung/djsg/ga/coronavirus/info/impfen/Seiten/impfen.aspx
GE,2021-02-18,27448,10251,37699,https://www.ge.ch/se-faire-vacciner-contre-covid-19/vaccination-chiffres
BS,2021-02-18,11623,8390,20013,https://data.bs.ch/explore/dataset/100111/download/?format=csv&timezone=Europe/Berlin&lang=en&use_labels_for_header=true&csv_separator=%3B
BL,2021-02-18,,,23729,https://www.baselland.ch/politik-und-behorden/direktionen/volkswirtschafts-und-gesundheitsdirektion/amt-fur-gesundheit/medizinische-dienste/kantonsarztlicher-dienst/aktuelles/covid-19-faelle-kanton-basel-landschaft/covid-19-impfungen
BE,2021-02-18,,9857,63044,https://www.besondere-lage.sites.be.ch/de/start/impfen.html
AR,2021-02-18,,,4663,https://www.ar.ch/verwaltung/departement-gesundheit-und-soziales/amt-fuer-gesundheit/informationsseite-coronavirus/
AG,2021-02-18,33458,9816,43274,https://www.ag.ch/de/themen_1/coronavirus_2/lagebulletins/lagebulletins_1.jsp
ZH,2021-02-17,80479,11103,91582,https://www.zh.ch/content/dam/zhweb/bilder-dokumente/themen/gesundheit/corona/hauptseite/gd_zh_corona_lagebulletin.pdf
ZG,2021-02-17,7689,3349,11038,https://www.zg.ch/behoerden/gesundheitsdirektion/statistikfachstelle/daten/themen/result-themen-14-03-12.csv
VS,2021-02-17,,,25330,https://www.vs.ch/documents/6756452/7008787/2021 02 17 - Sit Epid - État Stand
VD,2021-02-17,50064,12902,62966,https://monitoring.unisante.ch/d/krLTmEfGk/donnees-vaccination-covid-19-vaud
TG,2021-02-17,,,19853,https://www.tg.ch/news/fachstab-gesundheit-coronavirus.html/10552
SO,2021-02-17,15742,,15742,https://corona.so.ch/index.php?id=27979
SH,2021-02-17,6226,1883,8109,https://sh.ch/CMS/Webseite/Kanton-Schaffhausen/Beh-rde/Verwaltung/Departement-des-Innern/Gesundheitsamt-3209198-DE.html
NW,2021-02-17,,,5138,https://www.nw.ch/gesundheitsamtdienste/6044
LU,2021-02-17,18683,7932,26615,https://www.lustat.ch/daten?id=28177
GR,2021-02-17,11093,4329,15422,https://www.gr.ch/DE/institutionen/verwaltung/djsg/ga/coronavirus/info/impfen/Seiten/impfen.aspx
GE,2021-02-17,26683,9370,36053,https://www.ge.ch/se-faire-vacciner-contre-covid-19/vaccination-chiffres
BS,2021-02-17,11620,8263,19883,https://data.bs.ch/explore/dataset/100111/download/?format=csv&timezone=Europe/Berlin&lang=en&use_labels_for_header=true&csv_separator=%3B
BL,2021-02-17,,,22603,https://www.baselland.ch/politik-und-behorden/direktionen/volkswirtschafts-und-gesundheitsdirektion/amt-fur-gesundheit/medizinische-dienste/kantonsarztlicher-dienst/aktuelles/covid-19-faelle-kanton-basel-landschaft/covid-19-impfungen
BE,2021-02-17,,8073,59179,https://www.besondere-lage.sites.be.ch/de/start/impfen.html
AG,2021-02-17,32775,8357,41132,https://www.ag.ch/de/themen_1/coronavirus_2/lagebulletins/lagebulletins_1.jsp
ZH,2021-02-16,78341,10041,88382,https://www.zh.ch/content/dam/zhweb/bilder-dokumente/themen/gesundheit/corona/hauptseite/gd_zh_corona_lagebulletin.pdf
ZG,2021-02-16,7619,2694,10313,https://www.zg.ch/behoerden/gesundheitsdirektion/statistikfachstelle/daten/themen/result-themen-14-03-12.csv
VS,2021-02-16,,,23870,https://www.vs.ch/documents/6756452/7008787/2021 02 16 - Sit Epid - Etat Stand
VD,2021-02-16,48769,11788,60557,https://monitoring.unisante.ch/d/krLTmEfGk/donnees-vaccination-covid-19-vaud
TG,2021-02-16,,,19080,https://www.tg.ch/news/fachstab-gesundheit-coronavirus.html/10552
SO,2021-02-16,15443,,15443,https://corona.so.ch/index.php?id=27979
SH,2021-02-16,6216,1636,7852,https://sh.ch/CMS/Webseite/Kanton-Schaffhausen/Beh-rde/Verwaltung/Departement-des-Innern/Gesundheitsamt-3209198-DE.html
NW,2021-02-16,,,4926,https://www.nw.ch/gesundheitsamtdienste/6044
LU,2021-02-16,18398,7374,25772,https://www.lustat.ch/daten?id=28177
JU,2021-02-16,3948,1237,5185,https://www.jura.ch/Htdocs/Files/v/36873.pdf/Departements/CHA/SIC/Carrousel/Coronavirus/Cornavirus/Chiffres/stats_vaccins_sem6.pdf
GR,2021-02-16,9894,4329,14223,https://www.gr.ch/DE/institutionen/verwaltung/djsg/ga/coronavirus/info/impfen/Seiten/impfen.aspx
GE,2021-02-16,25933,8285,34218,https://www.ge.ch/se-faire-vacciner-contre-covid-19/vaccination-chiffres
BS,2021-02-16,11576,8086,19662,https://data.bs.ch/explore/dataset/100111/download/?format=csv&timezone=Europe/Berlin&lang=en&use_labels_for_header=true&csv_separator=%3B
BL,2021-02-16,,,21517,https://www.baselland.ch/politik-und-behorden/direktionen/volkswirtschafts-und-gesundheitsdirektion/amt-fur-gesundheit/medizinische-dienste/kantonsarztlicher-dienst/aktuelles/covid-19-faelle-kanton-basel-landschaft/covid-19-impfungen
BE,2021-02-16,,6124,54763,https://www.besondere-lage.sites.be.ch/de/start/impfen.html
AR,2021-02-16,,,3788,https://www.ar.ch/verwaltung/departement-gesundheit-und-soziales/amt-fuer-gesundheit/informationsseite-coronavirus/
AG,2021-02-16,31830,6953,38783,https://www.ag.ch/de/themen_1/coronavirus_2/lagebulletins/lagebulletins_1.jsp
ZH,2021-02-15,76775,9194,85969,https://www.zh.ch/content/dam/zhweb/bilder-dokumente/themen/gesundheit/corona/hauptseite/gd_zh_corona_lagebulletin.pdf
ZG,2021-02-15,7596,2217,9813,https://www.zg.ch/behoerden/gesundheitsdirektion/statistikfachstelle/daten/themen/result-themen-14-03-12.csv
VS,2021-02-15,,,21675,https://www.vs.ch/documents/6756452/7008787/2021 02 15 - Sit Epid - État Stand
VD,2021-02-15,47489,10435,57924,https://monitoring.unisante.ch/d/krLTmEfGk/donnees-vaccination-covid-19-vaud
TG,2021-02-15,,,18151,https://www.tg.ch/news/fachstab-gesundheit-coronavirus.html/10552
SO,2021-02-15,15156,,15156,https://corona.so.ch/index.php?id=27979
SH,2021-02-15,6208,1505,7713,https://sh.ch/CMS/Webseite/Kanton-Schaffhausen/Beh-rde/Verwaltung/Departement-des-Innern/Gesundheitsamt-3209198-DE.html
NW,2021-02-15,,,4926,https://www.nw.ch/gesundheitsamtdienste/6044
NE,2021-02-15,,,13997,https://www.ne.ch/autorites/DFS/SCSP/medecin-cantonal/maladies-vaccinations/Pages/Covid-19-statistiques.aspx
LU,2021-02-15,18197,7012,25209,https://www.lustat.ch/daten?id=28177
GR,2021-02-15,9445,4318,13763,https://www.gr.ch/DE/institutionen/verwaltung/djsg/ga/coronavirus/info/impfen/Seiten/impfen.aspx
GE,2021-02-15,25161,7378,32539,https://www.ge.ch/se-faire-vacciner-contre-covid-19/vaccination-chiffres
BS,2021-02-15,11500,7027,18527,https://data.bs.ch/explore/dataset/100111/download/?format=csv&timezone=Europe/Berlin&lang=en&use_labels_for_header=true&csv_separator=%3B
BL,2021-02-15,,,20657,https://www.baselland.ch/politik-und-behorden/direktionen/volkswirtschafts-und-gesundheitsdirektion/amt-fur-gesundheit/medizinische-dienste/kantonsarztlicher-dienst/aktuelles/covid-19-faelle-kanton-basel-landschaft/covid-19-impfungen
BE,2021-02-15,,4566,50921,https://www.besondere-lage.sites.be.ch/de/start/impfen.html
AG,2021-02-15,30849,6259,37108,https://www.ag.ch/de/themen_1/coronavirus_2/lagebulletins/lagebulletins_1.jsp
ZG,2021-02-14,7587,1989,9576,https://www.zg.ch/behoerden/gesundheitsdirektion/statistikfachstelle/daten/themen/result-themen-14-03-12.csv
VS,2021-02-14,15960,5715,21675,https://www.vs.ch/documents/6756452/7008787/2021 02 17 - Synthese COVID-19 Woche06
VD,2021-02-14,46183,8991,55174,https://monitoring.unisante.ch/d/krLTmEfGk/donnees-vaccination-covid-19-vaud
TG,2021-02-14,,,17389,https://www.tg.ch/news/fachstab-gesundheit-coronavirus.html/10552
NW,2021-02-14,,,4926,https://www.nw.ch/gesundheitsamtdienste/6044
BS,2021-02-14,11485,6912,18397,https://data.bs.ch/explore/dataset/100111/download/?format=csv&timezone=Europe/Berlin&lang=en&use_labels_for_header=true&csv_separator=%3B
BL,2021-02-14,,,19721,https://www.baselland.ch/politik-und-behorden/direktionen/volkswirtschafts-und-gesundheitsdirektion/amt-fur-gesundheit/medizinische-dienste/kantonsarztlicher-dienst/aktuelles/covid-19-faelle-kanton-basel-landschaft/covid-19-impfungen
AG,2021-02-14,29849,5670,35519,https://www.ag.ch/de/themen_1/coronavirus_2/lagebulletins/lagebulletins_1.jsp
ZG,2021-02-13,7579,1758,9337,https://www.zg.ch/behoerden/gesundheitsdirektion/statistikfachstelle/daten/themen/result-themen-14-03-12.csv
VD,2021-02-13,46075,8722,54797,https://monitoring.unisante.ch/d/krLTmEfGk/donnees-vaccination-covid-19-vaud
TG,2021-02-13,,,17224,https://www.tg.ch/news/fachstab-gesundheit-coronavirus.html/10552
NW,2021-02-13,,,4350,https://www.nw.ch/gesundheitsamtdienste/6044
LU,2021-02-13,18196,6965,25161,https://www.lustat.ch/daten?id=28177
BS,2021-02-13,11485,6912,18397,https://data.bs.ch/explore/dataset/100111/download/?format=csv&timezone=Europe/Berlin&lang=en&use_labels_for_header=true&csv_separator=%3B
BL,2021-02-13,,,19721,https://www.baselland.ch/politik-und-behorden/direktionen/volkswirtschafts-und-gesundheitsdirektion/amt-fur-gesundheit/medizinische-dienste/kantonsarztlicher-dienst/aktuelles/covid-19-faelle-kanton-basel-landschaft/covid-19-impfungen
AG,2021-02-13,29849,5670,35519,https://www.ag.ch/de/themen_1/coronavirus_2/lagebulletins/lagebulletins_1.jsp
ZG,2021-02-12,7539,1506,9045,https://www.zg.ch/behoerden/gesundheitsdirektion/statistikfachstelle/daten/themen/result-themen-14-03-12.csv
VS,2021-02-12,,,20505,https://www.vs.ch/documents/6756452/7008787/2021 02 12 - Sit Epid - État Stand
VD,2021-02-12,45955,8471,54426,https://monitoring.unisante.ch/d/krLTmEfGk/donnees-vaccination-covid-19-vaud
UR,2021-02-12,2330,1030,3360,https://www.ur.ch/_rte/information/75743
TG,2021-02-12,,,17071,https://www.tg.ch/news/fachstab-gesundheit-coronavirus.html/10552
SZ,2021-02-12,,,9616,https://www.sz.ch/public/upload/assets/51633/MM_Impfung_Pflegeheime_erfolgreich.pdf
SO,2021-02-12,14970,,14970,https://corona.so.ch/index.php?id=27979
SH,2021-02-12,6199,1267,7466,https://sh.ch/CMS/Webseite/Kanton-Schaffhausen/Beh-rde/Verwaltung/Departement-des-Innern/Gesundheitsamt-3209198-DE.html
NW,2021-02-12,,,4350,https://www.nw.ch/gesundheitsamtdienste/6044
GR,2021-02-12,8947,4317,13264,https://www.gr.ch/DE/institutionen/verwaltung/djsg/ga/coronavirus/info/impfen/Seiten/impfen.aspx
GE,2021-02-12,24429,6772,31201,https://www.ge.ch/se-faire-vacciner-contre-covid-19/vaccination-chiffres
BS,2021-02-12,11482,5888,17370,https://data.bs.ch/explore/dataset/100111/download/?format=csv&timezone=Europe/Berlin&lang=en&use_labels_for_header=true&csv_separator=%3B
BL,2021-02-12,,,19721,https://www.baselland.ch/politik-und-behorden/direktionen/volkswirtschafts-und-gesundheitsdirektion/amt-fur-gesundheit/medizinische-dienste/kantonsarztlicher-dienst/aktuelles/covid-19-faelle-kanton-basel-landschaft/covid-19-impfungen
BE,2021-02-12,,3408,46061,https://www.besondere-lage.sites.be.ch/de/start/impfen.html
AG,2021-02-12,29840,5505,35345,https://www.ag.ch/de/themen_1/coronavirus_2/lagebulletins/lagebulletins_1.jsp
ZH,2021-02-11,64145,4996,69141,https://www.zh.ch/content/dam/zhweb/bilder-dokumente/themen/gesundheit/corona/hauptseite/gd_zh_corona_lagebulletin.pdf
ZG,2021-02-11,7372,1384,8756,https://www.zg.ch/behoerden/gesundheitsdirektion/statistikfachstelle/daten/themen/result-themen-14-03-12.csv
VS,2021-02-11,,,19955,https://www.vs.ch/documents/6756452/7008787/2021 02 11 - Sit Epid - État Stand
VD,2021-02-11,44549,6799,51348,https://monitoring.unisante.ch/d/krLTmEfGk/donnees-vaccination-covid-19-vaud
TG,2021-02-11,,,16333,https://www.tg.ch/news/fachstab-gesundheit-coronavirus.html/10552
SO,2021-02-11,14772,,14772,https://corona.so.ch/index.php?id=27979
SH,2021-02-11,6183,961,7144,https://sh.ch/CMS/Webseite/Kanton-Schaffhausen/Beh-rde/Verwaltung/Departement-des-Innern/Gesundheitsamt-3209198-DE.html
NW,2021-02-11,,,4350,https://www.nw.ch/gesundheitsamtdienste/6044
LU,2021-02-11,18192,6526,24718,https://www.lustat.ch/daten?id=28177
GR,2021-02-11,8482,3985,12467,https://www.gr.ch/DE/institutionen/verwaltung/djsg/ga/coronavirus/info/impfen/Seiten/impfen.aspx
BS,2021-02-11,11463,4770,16233,https://data.bs.ch/explore/dataset/100111/download/?format=csv&timezone=Europe/Berlin&lang=en&use_labels_for_header=true&csv_separator=%3B
BL,2021-02-11,,,18733,https://www.baselland.ch/politik-und-behorden/direktionen/volkswirtschafts-und-gesundheitsdirektion/amt-fur-gesundheit/medizinische-dienste/kantonsarztlicher-dienst/aktuelles/covid-19-faelle-kanton-basel-landschaft/covid-19-impfungen
BE,2021-02-11,,2236,42920,https://www.besondere-lage.sites.be.ch/de/start/impfen.html
AR,2021-02-11,,,3758,https://www.ar.ch/verwaltung/departement-gesundheit-und-soziales/amt-fuer-gesundheit/informationsseite-coronavirus/
AG,2021-02-11,29111,5294,34405,https://www.ag.ch/de/themen_1/coronavirus_2/lagebulletins/lagebulletins_1.jsp
ZG,2021-02-10,7371,1295,8666,https://www.zg.ch/behoerden/gesundheitsdirektion/statistikfachstelle/daten/themen/result-themen-14-03-12.csv
VS,2021-02-10,,,18780,https://www.vs.ch/documents/6756452/7008787/2021 02 10 - Sit Epid - État Stand
VD,2021-02-10,42910,5182,48092,https://monitoring.unisante.ch/d/krLTmEfGk/donnees-vaccination-covid-19-vaud
TG,2021-02-10,,,15439,https://www.tg.ch/news/fachstab-gesundheit-coronavirus.html/10552
SO,2021-02-10,14476,,14476,https://corona.so.ch/index.php?id=27979
SH,2021-02-10,6167,706,6873,https://sh.ch/CMS/Webseite/Kanton-Schaffhausen/Beh-rde/Verwaltung/Departement-des-Innern/Gesundheitsamt-3209198-DE.html
NW,2021-02-10,,,4350,https://www.nw.ch/gesundheitsamtdienste/6044
LU,2021-02-10,18190,6438,24628,https://www.lustat.ch/daten?id=28177
GR,2021-02-10,7962,3691,11653,https://www.gr.ch/DE/institutionen/verwaltung/djsg/ga/coronavirus/info/impfen/Seiten/impfen.aspx
GE,2021-02-10,23073,5153,28226,https://www.ge.ch/se-faire-vacciner-contre-covid-19/vaccination-chiffres
BS,2021-02-10,11415,4288,15703,https://data.bs.ch/explore/dataset/100111/download/?format=csv&timezone=Europe/Berlin&lang=en&use_labels_for_header=true&csv_separator=%3B
BL,2021-02-10,,,17696,https://www.baselland.ch/politik-und-behorden/direktionen/volkswirtschafts-und-gesundheitsdirektion/amt-fur-gesundheit/medizinische-dienste/kantonsarztlicher-dienst/aktuelles/covid-19-faelle-kanton-basel-landschaft/covid-19-impfungen
BE,2021-02-10,,1397,40117,https://www.besondere-lage.sites.be.ch/de/start/impfen.html
AG,2021-02-10,28265,4687,32952,https://www.ag.ch/de/themen_1/coronavirus_2/lagebulletins/lagebulletins_1.jsp
ZH,2021-02-09,58155,3190,61345,https://www.zh.ch/content/dam/zhweb/bilder-dokumente/themen/gesundheit/corona/hauptseite/gd_zh_corona_lagebulletin.pdf
ZG,2021-02-09,7364,1206,8570,https://www.zg.ch/behoerden/gesundheitsdirektion/statistikfachstelle/daten/themen/result-themen-14-03-12.csv
VS,2021-02-09,,,18365,https://www.vs.ch/documents/6756452/7008787/2021 02 09 - Sit Epid - État Stand
VD,2021-02-09,41071,4054,45125,https://monitoring.unisante.ch/d/krLTmEfGk/donnees-vaccination-covid-19-vaud
TG,2021-02-09,,,14613,https://www.tg.ch/news/fachstab-gesundheit-coronavirus.html/10552
SO,2021-02-09,14262,,14262,https://corona.so.ch/index.php?id=27979
SH,2021-02-09,6159,525,6684,https://sh.ch/CMS/Webseite/Kanton-Schaffhausen/Beh-rde/Verwaltung/Departement-des-Innern/Gesundheitsamt-3209198-DE.html
NW,2021-02-09,,,4350,https://www.nw.ch/gesundheitsamtdienste/6044
LU,2021-02-09,18031,5583,23614,https://www.lustat.ch/daten?id=28177
GE,2021-02-09,22303,4253,26556,https://www.ge.ch/se-faire-vacciner-contre-covid-19/vaccination-chiffres
BS,2021-02-09,11411,3759,15170,https://data.bs.ch/explore/dataset/100111/download/?format=csv&timezone=Europe/Berlin&lang=en&use_labels_for_header=true&csv_separator=%3B
BL,2021-02-09,,,16817,https://www.baselland.ch/politik-und-behorden/direktionen/volkswirtschafts-und-gesundheitsdirektion/amt-fur-gesundheit/medizinische-dienste/kantonsarztlicher-dienst/aktuelles/covid-19-faelle-kanton-basel-landschaft/covid-19-impfungen
BE,2021-02-09,,684,37645,https://www.besondere-lage.sites.be.ch/de/start/impfen.html
AR,2021-02-09,,,3562,https://www.ar.ch/verwaltung/departement-gesundheit-und-soziales/amt-fuer-gesundheit/informationsseite-coronavirus/
AG,2021-02-09,27144,4181,31325,https://www.ag.ch/de/themen_1/coronavirus_2/lagebulletins/lagebulletins_1.jsp
ZH,2021-02-08,56828,2652,59480,https://www.zh.ch/content/dam/zhweb/bilder-dokumente/themen/gesundheit/corona/hauptseite/gd_zh_corona_lagebulletin.pdf
ZG,2021-02-08,7353,995,8348,https://www.zg.ch/behoerden/gesundheitsdirektion/statistikfachstelle/daten/themen/result-themen-14-03-12.csv
VS,2021-02-08,,,17370,https://www.vs.ch/documents/6756452/7008787/2021 02 08 - Sit Epid - État Stand
VD,2021-02-08,39442,2907,42349,https://monitoring.unisante.ch/d/krLTmEfGk/donnees-vaccination-covid-19-vaud
TG,2021-02-08,,,13643,https://www.tg.ch/news/fachstab-gesundheit-coronavirus.html/10552
SO,2021-02-08,,,12623,https://corona.so.ch/index.php?id=27979
SH,2021-02-08,6155,310,6465,https://sh.ch/CMS/Webseite/Kanton-Schaffhausen/Beh-rde/Verwaltung/Departement-des-Innern/Gesundheitsamt-3209198-DE.html
NW,2021-02-08,,,4350,https://www.nw.ch/gesundheitsamtdienste/6044
NE,2021-02-08,,,11661,https://www.ne.ch/autorites/DFS/SCSP/medecin-cantonal/maladies-vaccinations/Pages/Covid-19-statistiques.aspx
LU,2021-02-08,17691,4784,22475,https://www.lustat.ch/daten?id=28177
GR,2021-02-08,7375,2851,10226,https://www.gr.ch/DE/institutionen/verwaltung/djsg/ga/coronavirus/info/impfen/Seiten/impfen.aspx
BS,2021-02-08,10932,3759,14691,https://data.bs.ch/explore/dataset/100111/download/?format=csv&timezone=Europe/Berlin&lang=en&use_labels_for_header=true&csv_separator=%3B
BL,2021-02-08,,,16009,https://www.baselland.ch/politik-und-behorden/direktionen/volkswirtschafts-und-gesundheitsdirektion/amt-fur-gesundheit/medizinische-dienste/kantonsarztlicher-dienst/aktuelles/covid-19-faelle-kanton-basel-landschaft/covid-19-impfungen
BE,2021-02-08,,0,35523,https://www.besondere-lage.sites.be.ch/de/start/impfen.html
AG,2021-02-08,26037,3774,29811,https://www.ag.ch/de/themen_1/coronavirus_2/lagebulletins/lagebulletins_1.jsp
ZG,2021-02-07,7353,941,8294,https://www.zg.ch/behoerden/gesundheitsdirektion/statistikfachstelle/daten/themen/result-themen-14-03-12.csv
VS,2021-02-07,14055,3315,17370,https://www.vs.ch/documents/6756452/7008787/2021 02 10 - Synthese COVID-19 Woche05
VD,2021-02-07,38103,1639,39742,https://monitoring.unisante.ch/d/krLTmEfGk/donnees-vaccination-covid-19-vaud
TG,2021-02-07,,,12436,https://www.tg.ch/news/fachstab-gesundheit-coronavirus.html/10552
NW,2021-02-07,,,3740,https://www.nw.ch/gesundheitsamtdienste/6044
BS,2021-02-07,10436,3759,14195,https://data.bs.ch/explore/dataset/100111/download/?format=csv&timezone=Europe/Berlin&lang=en&use_labels_for_header=true&csv_separator=%3B
BL,2021-02-07,,,15321,https://www.baselland.ch/politik-und-behorden/direktionen/volkswirtschafts-und-gesundheitsdirektion/amt-fur-gesundheit/medizinische-dienste/kantonsarztlicher-dienst/aktuelles/covid-19-faelle-kanton-basel-landschaft/covid-19-impfungen
AG,2021-02-07,25378,3291,28669,https://www.ag.ch/de/themen_1/coronavirus_2/lagebulletins/lagebulletins_1.jsp
ZG,2021-02-06,7262,912,8174,https://www.zg.ch/behoerden/gesundheitsdirektion/statistikfachstelle/daten/themen/result-themen-14-03-12.csv
VD,2021-02-06,37985,1560,39545,https://monitoring.unisante.ch/d/krLTmEfGk/donnees-vaccination-covid-19-vaud
TG,2021-02-06,,,12283,https://www.tg.ch/news/fachstab-gesundheit-coronavirus.html/10552
NW,2021-02-06,,,3740,https://www.nw.ch/gesundheitsamtdienste/6044
BS,2021-02-06,10436,3759,14195,https://data.bs.ch/explore/dataset/100111/download/?format=csv&timezone=Europe/Berlin&lang=en&use_labels_for_header=true&csv_separator=%3B
BL,2021-02-06,,,15321,https://www.baselland.ch/politik-und-behorden/direktionen/volkswirtschafts-und-gesundheitsdirektion/amt-fur-gesundheit/medizinische-dienste/kantonsarztlicher-dienst/aktuelles/covid-19-faelle-kanton-basel-landschaft/covid-19-impfungen
AG,2021-02-06,25378,3291,28669,https://www.ag.ch/de/themen_1/coronavirus_2/lagebulletins/lagebulletins_1.jsp
ZH,2021-02-05,54165,2312,56477,https://www.zh.ch/content/dam/zhweb/bilder-dokumente/themen/gesundheit/corona/hauptseite/gd_zh_corona_lagebulletin.pdf
ZG,2021-02-05,7241,821,8062,https://www.zg.ch/behoerden/gesundheitsdirektion/statistikfachstelle/daten/themen/result-themen-14-03-12.csv
VS,2021-02-05,,,17000,https://www.vs.ch/documents/6756452/7008787/2021 02 05 - Sit Epid - État Stand
VD,2021-02-05,37807,1509,39316,https://monitoring.unisante.ch/d/krLTmEfGk/donnees-vaccination-covid-19-vaud
UR,2021-02-05,2076,600,2676,https://www.ur.ch/_rte/information/75424
TG,2021-02-05,,,12118,https://www.tg.ch/news/fachstab-gesundheit-coronavirus.html/10552
SO,2021-02-05,14519,,14519,https://corona.so.ch/index.php?id=27979
SH,2021-02-05,6063,302,6365,https://sh.ch/CMS/Webseite/Kanton-Schaffhausen/Beh-rde/Verwaltung/Departement-des-Innern/Gesundheitsamt-3209198-DE.html
NW,2021-02-05,,,3740,https://www.nw.ch/gesundheitsamtdienste/6044
GR,2021-02-05,7181,2340,9521,https://www.gr.ch/DE/institutionen/verwaltung/djsg/ga/coronavirus/info/impfen/Seiten/impfen.aspx
GE,2021-02-05,20434,2577,23011,https://www.ge.ch/se-faire-vacciner-contre-covid-19/vaccination-chiffres
BS,2021-02-05,10436,3759,14195,https://data.bs.ch/explore/dataset/100111/download/?format=csv&timezone=Europe/Berlin&lang=en&use_labels_for_header=true&csv_separator=%3B
BL,2021-02-05,,,15321,https://www.baselland.ch/politik-und-behorden/direktionen/volkswirtschafts-und-gesundheitsdirektion/amt-fur-gesundheit/medizinische-dienste/kantonsarztlicher-dienst/aktuelles/covid-19-faelle-kanton-basel-landschaft/covid-19-impfungen
BE,2021-02-05,,0,33472,https://www.besondere-lage.sites.be.ch/de/start/impfen.html
AR,2021-02-05,,,3562,https://www.ar.ch/verwaltung/departement-gesundheit-und-soziales/amt-fuer-gesundheit/informationsseite-coronavirus/
AI,2021-02-05,1161,956,2117,https://www.ai.ch/themen/gesundheit-alter-und-soziales/gesundheitsfoerderung-und-praevention/uebertragbare-krankheiten/coronavirus/impfung
AG,2021-02-05,25334,3166,28500,https://www.ag.ch/de/themen_1/coronavirus_2/lagebulletins/lagebulletins_1.jsp
ZH,2021-02-04,52266,1977,54243,https://www.zh.ch/content/dam/zhweb/bilder-dokumente/themen/gesundheit/corona/hauptseite/gd_zh_corona_lagebulletin.pdf
ZG,2021-02-04,7202,699,7901,https://www.zg.ch/behoerden/gesundheitsdirektion/statistikfachstelle/daten/themen/result-themen-14-03-12.csv
VS,2021-02-04,,,16735,https://www.vs.ch/documents/6756452/7008787/2021 02 04 - Sit Epid - État Stand
VD,2021-02-04,36164,1143,37307,https://monitoring.unisante.ch/d/krLTmEfGk/donnees-vaccination-covid-19-vaud
TG,2021-02-04,,,11465,https://www.tg.ch/news/fachstab-gesundheit-coronavirus.html/10552
SO,2021-02-04,14387,,14387,https://corona.so.ch/index.php?id=27979
SH,2021-02-04,5927,300,6227,https://sh.ch/CMS/Webseite/Kanton-Schaffhausen/Beh-rde/Verwaltung/Departement-des-Innern/Gesundheitsamt-3209198-DE.html
NW,2021-02-04,,,3740,https://www.nw.ch/gesundheitsamtdienste/6044
LU,2021-02-04,17444,4041,21485,https://www.lustat.ch/daten?id=28177
GR,2021-02-04,7145,1756,8901,https://www.gr.ch/DE/institutionen/verwaltung/djsg/ga/coronavirus/info/impfen/Seiten/impfen.aspx
GE,2021-02-04,19786,1860,21646,https://www.ge.ch/se-faire-vacciner-contre-covid-19/vaccination-chiffres
BS,2021-02-04,10436,3759,14195,https://data.bs.ch/explore/dataset/100111/download/?format=csv&timezone=Europe/Berlin&lang=en&use_labels_for_header=true&csv_separator=%3B
BL,2021-02-04,,,14489,https://www.baselland.ch/politik-und-behorden/direktionen/volkswirtschafts-und-gesundheitsdirektion/amt-fur-gesundheit/medizinische-dienste/kantonsarztlicher-dienst/aktuelles/covid-19-faelle-kanton-basel-landschaft/covid-19-impfungen
BE,2021-02-04,,0,31375,https://www.besondere-lage.sites.be.ch/de/start/impfen.html
AG,2021-02-04,23915,2720,26635,https://www.ag.ch/de/themen_1/coronavirus_2/lagebulletins/lagebulletins_1.jsp
ZH,2021-02-03,50002,1660,51662,https://www.zh.ch/content/dam/zhweb/bilder-dokumente/themen/gesundheit/corona/hauptseite/gd_zh_corona_lagebulletin.pdf
ZG,2021-02-03,7013,623,7636,https://www.zg.ch/behoerden/gesundheitsdirektion/statistikfachstelle/daten/themen/result-themen-14-03-12.csv
VS,2021-02-03,,,16360,https://www.vs.ch/documents/6756452/7008787/2021 02 03 - Sit Epid - État Stand
VD,2021-02-03,33894,902,34796,https://monitoring.unisante.ch/d/krLTmEfGk/donnees-vaccination-covid-19-vaud
TG,2021-02-03,,,10766,https://www.tg.ch/news/fachstab-gesundheit-coronavirus.html/10552
SO,2021-02-03,14288,,14288,https://corona.so.ch/index.php?id=27979
SH,2021-02-03,5839,299,6138,https://sh.ch/CMS/Webseite/Kanton-Schaffhausen/Beh-rde/Verwaltung/Departement-des-Innern/Gesundheitsamt-3209198-DE.html
NW,2021-02-03,,,3740,https://www.nw.ch/gesundheitsamtdienste/6044
LU,2021-02-03,17439,3904,21343,https://www.lustat.ch/daten?id=28177
GR,2021-02-03,6980,1559,8539,https://www.gr.ch/DE/institutionen/verwaltung/djsg/ga/coronavirus/info/impfen/Seiten/impfen.aspx
GE,2021-02-03,19037,1201,20238,https://www.ge.ch/se-faire-vacciner-contre-covid-19/vaccination-chiffres
BS,2021-02-03,10436,3759,14195,https://data.bs.ch/explore/dataset/100111/download/?format=csv&timezone=Europe/Berlin&lang=en&use_labels_for_header=true&csv_separator=%3B
BL,2021-02-03,,,13740,https://www.baselland.ch/politik-und-behorden/direktionen/volkswirtschafts-und-gesundheitsdirektion/amt-fur-gesundheit/medizinische-dienste/kantonsarztlicher-dienst/aktuelles/covid-19-faelle-kanton-basel-landschaft/covid-19-impfungen
BE,2021-02-03,,0,29152,https://www.besondere-lage.sites.be.ch/de/start/impfen.html
AG,2021-02-03,22712,1996,24708,https://www.ag.ch/de/themen_1/coronavirus_2/lagebulletins/lagebulletins_1.jsp
ZG,2021-02-02,7006,489,7495,https://www.zg.ch/behoerden/gesundheitsdirektion/statistikfachstelle/daten/themen/result-themen-14-03-12.csv
VS,2021-02-02,,,15330,https://www.vs.ch/documents/6756452/7008787/2021 02 02 - Sit Epid - État Stand
VD,2021-02-02,31880,562,32442,https://monitoring.unisante.ch/d/krLTmEfGk/donnees-vaccination-covid-19-vaud
TG,2021-02-02,,,10190,https://www.tg.ch/news/fachstab-gesundheit-coronavirus.html/10552
SO,2021-02-02,14140,,14140,https://corona.so.ch/index.php?id=27979
SH,2021-02-02,5638,299,5937,https://sh.ch/CMS/Webseite/Kanton-Schaffhausen/Beh-rde/Verwaltung/Departement-des-Innern/Gesundheitsamt-3209198-DE.html
NW,2021-02-02,,,3260,https://www.nw.ch/gesundheitsamtdienste/6044
LU,2021-02-02,17437,3697,21134,https://www.lustat.ch/daten?id=28177
GR,2021-02-02,6980,1219,8199,https://www.gr.ch/DE/institutionen/verwaltung/djsg/ga/coronavirus/info/impfen/Seiten/impfen.aspx
GE,2021-02-02,18444,636,19080,https://www.ge.ch/se-faire-vacciner-contre-covid-19/vaccination-chiffres
BS,2021-02-02,9938,3759,13697,https://data.bs.ch/explore/dataset/100111/download/?format=csv&timezone=Europe/Berlin&lang=en&use_labels_for_header=true&csv_separator=%3B
BL,2021-02-02,,,12870,https://www.baselland.ch/politik-und-behorden/direktionen/volkswirtschafts-und-gesundheitsdirektion/amt-fur-gesundheit/medizinische-dienste/kantonsarztlicher-dienst/aktuelles/covid-19-faelle-kanton-basel-landschaft/covid-19-impfungen
BE,2021-02-02,,0,26798,https://www.besondere-lage.sites.be.ch/de/start/impfen.html
AR,2021-02-02,,,3542,https://www.ar.ch/verwaltung/departement-gesundheit-und-soziales/amt-fuer-gesundheit/informationsseite-coronavirus/
AG,2021-02-02,21155,1597,22752,https://www.ag.ch/de/themen_1/coronavirus_2/lagebulletins/lagebulletins_1.jsp
ZG,2021-02-01,7005,426,7431,https://www.zg.ch/behoerden/gesundheitsdirektion/statistikfachstelle/daten/themen/result-themen-14-03-12.csv
VS,2021-02-01,,,14240,https://www.vs.ch/documents/6756452/7008787/2021 02 01 - Sit Epid - État Stand
VD,2021-02-01,29829,350,30179,https://monitoring.unisante.ch/d/krLTmEfGk/donnees-vaccination-covid-19-vaud
TG,2021-02-01,,,9346,https://www.tg.ch/news/fachstab-gesundheit-coronavirus.html/10552
SO,2021-02-01,14019,,14019,https://corona.so.ch/index.php?id=27979
SH,2021-02-01,5439,270,5709,https://sh.ch/CMS/Webseite/Kanton-Schaffhausen/Beh-rde/Verwaltung/Departement-des-Innern/Gesundheitsamt-3209198-DE.html
NW,2021-02-01,,,3260,https://www.nw.ch/gesundheitsamtdienste/6044
NE,2021-02-01,,,8559,https://www.ne.ch/autorites/DFS/SCSP/medecin-cantonal/maladies-vaccinations/Pages/Covid-19-statistiques.aspx
LU,2021-02-01,17361,3212,20573,https://www.lustat.ch/daten?id=28177
GR,2021-02-01,6980,909,7889,https://www.gr.ch/DE/institutionen/verwaltung/djsg/ga/coronavirus/info/impfen/Seiten/impfen.aspx
GE,2021-02-01,17965,,18012,https://www.ge.ch/se-faire-vacciner-contre-covid-19/vaccination-chiffres
BS,2021-02-01,9848,3759,13607,https://data.bs.ch/explore/dataset/100111/download/?format=csv&timezone=Europe/Berlin&lang=en&use_labels_for_header=true&csv_separator=%3B
BL,2021-02-01,,,12126,https://www.baselland.ch/politik-und-behorden/direktionen/volkswirtschafts-und-gesundheitsdirektion/amt-fur-gesundheit/medizinische-dienste/kantonsarztlicher-dienst/aktuelles/covid-19-faelle-kanton-basel-landschaft/covid-19-impfungen
BE,2021-02-01,,0,24385,https://www.besondere-lage.sites.be.ch/de/start/impfen.html
AR,2021-02-01,,,3292,https://www.ar.ch/verwaltung/departement-gesundheit-und-soziales/amt-fuer-gesundheit/informationsseite-coronavirus/
AG,2021-02-01,19848,947,20795,https://www.ag.ch/de/themen_1/coronavirus_2/lagebulletins/lagebulletins_1.jsp
ZG,2021-01-31,6998,363,7361,https://www.zg.ch/behoerden/gesundheitsdirektion/statistikfachstelle/daten/themen/result-themen-14-03-12.csv
VS,2021-01-31,13260,980,14240,https://www.vs.ch/documents/6756452/7008787/2021 02 03 - Synthese COVID-19 Woche04
VD,2021-01-31,27781,93,27874,https://monitoring.unisante.ch/d/krLTmEfGk/donnees-vaccination-covid-19-vaud
TG,2021-01-31,,,8823,https://www.tg.ch/news/fachstab-gesundheit-coronavirus.html/10552
NW,2021-01-31,,,3260,https://www.nw.ch/gesundheitsamtdienste/6044
BS,2021-01-31,9649,3759,13408,https://data.bs.ch/explore/dataset/100111/download/?format=csv&timezone=Europe/Berlin&lang=en&use_labels_for_header=true&csv_separator=%3B
BL,2021-01-31,,,11364,https://www.baselland.ch/politik-und-behorden/direktionen/volkswirtschafts-und-gesundheitsdirektion/amt-fur-gesundheit/medizinische-dienste/kantonsarztlicher-dienst/aktuelles/covid-19-faelle-kanton-basel-landschaft/covid-19-impfungen
AG,2021-01-31,19246,788,20034,https://www.ag.ch/de/themen_1/coronavirus_2/lagebulletins/lagebulletins_1.jsp
ZG,2021-01-30,6998,363,7361,https://www.zg.ch/behoerden/gesundheitsdirektion/statistikfachstelle/daten/themen/result-themen-14-03-12.csv
VD,2021-01-30,27596,93,27689,https://monitoring.unisante.ch/d/krLTmEfGk/donnees-vaccination-covid-19-vaud
TG,2021-01-30,,,8378,https://www.tg.ch/news/fachstab-gesundheit-coronavirus.html/10552
NW,2021-01-30,,,3260,https://www.nw.ch/gesundheitsamtdienste/6044
LU,2021-01-30,17065,1855,17065,https://www.lustat.ch/daten?id=28177
BS,2021-01-30,9649,3759,13408,https://data.bs.ch/explore/dataset/100111/download/?format=csv&timezone=Europe/Berlin&lang=en&use_labels_for_header=true&csv_separator=%3B
BL,2021-01-30,,,11364,https://www.baselland.ch/politik-und-behorden/direktionen/volkswirtschafts-und-gesundheitsdirektion/amt-fur-gesundheit/medizinische-dienste/kantonsarztlicher-dienst/aktuelles/covid-19-faelle-kanton-basel-landschaft/covid-19-impfungen
AG,2021-01-30,19246,788,20034,https://www.ag.ch/de/themen_1/coronavirus_2/lagebulletins/lagebulletins_1.jsp
ZG,2021-01-29,6998,363,7361,https://www.zg.ch/behoerden/gesundheitsdirektion/statistikfachstelle/daten/themen/result-themen-14-03-12.csv
VS,2021-01-29,,,13865,https://www.vs.ch/documents/6756452/7008787/2021 01 29 - Sit Epid - État Stand
VD,2021-01-29,27408,93,27501,https://monitoring.unisante.ch/d/krLTmEfGk/donnees-vaccination-covid-19-vaud
UR,2021-01-29,1556,318,1874,https://www.ur.ch/_rte/information/75037
TG,2021-01-29,,,7908,https://www.tg.ch/news/fachstab-gesundheit-coronavirus.html/10552
SO,2021-01-29,13537,,13537,https://corona.so.ch/index.php?id=27979
SH,2021-01-29,5144,269,5413,https://sh.ch/CMS/Webseite/Kanton-Schaffhausen/Beh-rde/Verwaltung/Departement-des-Innern/Gesundheitsamt-3209198-DE.html
LU,2021-01-29,16255,1855,18110,https://www.lustat.ch/daten?id=28177
GR,2021-01-29,7339,598,7937,https://www.gr.ch/DE/institutionen/verwaltung/djsg/ga/coronavirus/info/impfen/Seiten/impfen.aspx
BS,2021-01-29,9595,3759,13354,https://data.bs.ch/explore/dataset/100111/download/?format=csv&timezone=Europe/Berlin&lang=en&use_labels_for_header=true&csv_separator=%3B
BL,2021-01-29,,,11364,https://www.baselland.ch/politik-und-behorden/direktionen/volkswirtschafts-und-gesundheitsdirektion/amt-fur-gesundheit/medizinische-dienste/kantonsarztlicher-dienst/aktuelles/covid-19-faelle-kanton-basel-landschaft/covid-19-impfungen
BE,2021-01-29,,0,22179,https://www.besondere-lage.sites.be.ch/de/start/impfen.html
AR,2021-01-29,,,2946,https://www.ar.ch/verwaltung/departement-gesundheit-und-soziales/amt-fuer-gesundheit/informationsseite-coronavirus/
AI,2021-01-29,,,1077,https://www.ai.ch/themen/gesundheit-alter-und-soziales/gesundheitsfoerderung-und-praevention/uebertragbare-krankheiten/coronavirus/impfung
AG,2021-01-29,19245,633,19878,https://www.ag.ch/de/themen_1/coronavirus_2/lagebulletins/lagebulletins_1.jsp
ZG,2021-01-28,6998,363,7361,https://www.zg.ch/behoerden/gesundheitsdirektion/statistikfachstelle/daten/themen/result-themen-14-03-12.csv
VS,2021-01-28,,,13735,https://www.vs.ch/documents/6756452/7008787/2021 01 28 - Sit Epid - État Stand
VD,2021-01-28,25383,92,25475,https://monitoring.unisante.ch/d/krLTmEfGk/donnees-vaccination-covid-19-vaud
TG,2021-01-28,,,7243,https://www.tg.ch/news/fachstab-gesundheit-coronavirus.html/10552
SO,2021-01-28,12287,,12287,https://corona.so.ch/index.php?id=27979
SH,2021-01-28,4860,102,4962,https://sh.ch/CMS/Webseite/Kanton-Schaffhausen/Beh-rde/Verwaltung/Departement-des-Innern/Gesundheitsamt-3209198-DE.html
LU,2021-01-28,15186,1242,16428,https://www.lustat.ch/daten?id=28177
GR,2021-01-28,6640,312,6952,https://www.gr.ch/DE/institutionen/verwaltung/djsg/ga/coronavirus/info/impfen/Seiten/impfen.aspx
BS,2021-01-28,9227,3756,12983,https://data.bs.ch/explore/dataset/100111/download/?format=csv&timezone=Europe/Berlin&lang=en&use_labels_for_header=true&csv_separator=%3B
BL,2021-01-28,,,10664,https://www.baselland.ch/politik-und-behorden/direktionen/volkswirtschafts-und-gesundheitsdirektion/amt-fur-gesundheit/medizinische-dienste/kantonsarztlicher-dienst/aktuelles/covid-19-faelle-kanton-basel-landschaft/covid-19-impfungen
BE,2021-01-28,,0,20094,https://www.besondere-lage.sites.be.ch/de/start/impfen.html
AR,2021-01-28,,,2787,https://www.ar.ch/verwaltung/departement-gesundheit-und-soziales/amt-fuer-gesundheit/informationsseite-coronavirus/
AG,2021-01-28,17863,380,18243,https://www.ag.ch/de/themen_1/coronavirus_2/lagebulletins/lagebulletins_1.jsp
ZG,2021-01-27,6998,363,7361,https://www.zg.ch/behoerden/gesundheitsdirektion/statistikfachstelle/daten/themen/result-themen-14-03-12.csv
VS,2021-01-27,,,13095,https://www.vs.ch/documents/6756452/7008787/2021 01 27 - Sit Epid - État Stand
VD,2021-01-27,22782,80,22862,https://monitoring.unisante.ch/d/krLTmEfGk/donnees-vaccination-covid-19-vaud
TG,2021-01-27,,,6388,https://www.tg.ch/news/fachstab-gesundheit-coronavirus.html/10552
SO,2021-01-27,11846,,11846,https://corona.so.ch/index.php?id=27979
SH,2021-01-27,4524,101,4625,https://sh.ch/CMS/Webseite/Kanton-Schaffhausen/Beh-rde/Verwaltung/Departement-des-Innern/Gesundheitsamt-3209198-DE.html
NW,2021-01-27,,,3260,https://www.nw.ch/gesundheitsamtdienste/6044
LU,2021-01-27,14312,1149,15461,https://www.lustat.ch/daten?id=28177
BS,2021-01-27,9048,3756,12804,https://data.bs.ch/explore/dataset/100111/download/?format=csv&timezone=Europe/Berlin&lang=en&use_labels_for_header=true&csv_separator=%3B
BL,2021-01-27,,,9715,https://www.baselland.ch/politik-und-behorden/direktionen/volkswirtschafts-und-gesundheitsdirektion/amt-fur-gesundheit/medizinische-dienste/kantonsarztlicher-dienst/aktuelles/covid-19-faelle-kanton-basel-landschaft/covid-19-impfungen
BE,2021-01-27,,0,18065,https://www.besondere-lage.sites.be.ch/de/start/impfen.html
AR,2021-01-27,,,2632,https://www.ar.ch/verwaltung/departement-gesundheit-und-soziales/amt-fuer-gesundheit/informationsseite-coronavirus/
AG,2021-01-27,16556,174,16730,https://www.ag.ch/de/themen_1/coronavirus_2/lagebulletins/lagebulletins_1.jsp
ZG,2021-01-26,6768,363,7131,https://www.zg.ch/behoerden/gesundheitsdirektion/statistikfachstelle/daten/themen/result-themen-14-03-12.csv
VS,2021-01-26,,,12120,https://www.vs.ch/documents/6756452/7008787/2021 01 26 - Sit Epid - État Stand
VD,2021-01-26,20415,1,20416,https://monitoring.unisante.ch/d/krLTmEfGk/donnees-vaccination-covid-19-vaud
TG,2021-01-26,,,5589,https://www.tg.ch/news/fachstab-gesundheit-coronavirus.html/10552
SO,2021-01-26,11379,,11379,https://corona.so.ch/index.php?id=27979
SH,2021-01-26,4228,101,4329,https://sh.ch/CMS/Webseite/Kanton-Schaffhausen/Beh-rde/Verwaltung/Departement-des-Innern/Gesundheitsamt-3209198-DE.html
LU,2021-01-26,13454,1145,14599,https://www.lustat.ch/daten?id=28177
BS,2021-01-26,8972,3125,12097,https://data.bs.ch/explore/dataset/100111/download/?format=csv&timezone=Europe/Berlin&lang=en&use_labels_for_header=true&csv_separator=%3B
BL,2021-01-26,,,9250,https://www.baselland.ch/politik-und-behorden/direktionen/volkswirtschafts-und-gesundheitsdirektion/amt-fur-gesundheit/medizinische-dienste/kantonsarztlicher-dienst/aktuelles/covid-19-faelle-kanton-basel-landschaft/covid-19-impfungen
BE,2021-01-26,,0,16149,https://www.besondere-lage.sites.be.ch/de/start/impfen.html
AR,2021-01-26,,,2422,https://www.ar.ch/verwaltung/departement-gesundheit-und-soziales/amt-fuer-gesundheit/informationsseite-coronavirus/
AG,2021-01-26,15413,30,15443,https://www.ag.ch/de/themen_1/coronavirus_2/lagebulletins/lagebulletins_1.jsp
ZG,2021-01-25,6489,361,6850,https://www.zg.ch/behoerden/gesundheitsdirektion/statistikfachstelle/daten/themen/result-themen-14-03-12.csv
VS,2021-01-25,,,10210,https://www.vs.ch/documents/6756452/7008787/2021 01 25 - Sit Epid - État Stand
VD,2021-01-25,18016,1,18017,https://monitoring.unisante.ch/d/krLTmEfGk/donnees-vaccination-covid-19-vaud
TG,2021-01-25,,,4643,https://www.tg.ch/news/fachstab-gesundheit-coronavirus.html/10552
SO,2021-01-25,10899,,10899,https://corona.so.ch/index.php?id=27979
SH,2021-01-25,3885,100,3985,https://sh.ch/CMS/Webseite/Kanton-Schaffhausen/Beh-rde/Verwaltung/Departement-des-Innern/Gesundheitsamt-3209198-DE.html
NE,2021-01-25,,,4910,https://www.ne.ch/autorites/DFS/SCSP/medecin-cantonal/maladies-vaccinations/Pages/Covid-19-statistiques.aspx
LU,2021-01-25,12091,670,12761,https://www.lustat.ch/daten?id=28177
BS,2021-01-25,8762,2643,11405,https://data.bs.ch/explore/dataset/100111/download/?format=csv&timezone=Europe/Berlin&lang=en&use_labels_for_header=true&csv_separator=%3B
BL,2021-01-25,,,8850,https://www.baselland.ch/politik-und-behorden/direktionen/volkswirtschafts-und-gesundheitsdirektion/amt-fur-gesundheit/medizinische-dienste/kantonsarztlicher-dienst/aktuelles/covid-19-faelle-kanton-basel-landschaft/covid-19-impfungen
BE,2021-01-25,,0,14308,https://www.besondere-lage.sites.be.ch/de/start/impfen.html
AG,2021-01-25,14207,8,14215,https://www.ag.ch/de/themen_1/coronavirus_2/lagebulletins/lagebulletins_1.jsp
ZG,2021-01-24,6243,356,6599,https://www.zg.ch/behoerden/gesundheitsdirektion/statistikfachstelle/daten/themen/result-themen-14-03-12.csv
VD,2021-01-24,15847,,15847,https://monitoring.unisante.ch/d/krLTmEfGk/donnees-vaccination-covid-19-vaud
TG,2021-01-24,,,4016,https://www.tg.ch/news/fachstab-gesundheit-coronavirus.html/10552
BS,2021-01-24,8762,2128,10890,https://data.bs.ch/explore/dataset/100111/download/?format=csv&timezone=Europe/Berlin&lang=en&use_labels_for_header=true&csv_separator=%3B
BL,2021-01-24,,,8315,https://www.baselland.ch/politik-und-behorden/direktionen/volkswirtschafts-und-gesundheitsdirektion/amt-fur-gesundheit/medizinische-dienste/kantonsarztlicher-dienst/aktuelles/covid-19-faelle-kanton-basel-landschaft/covid-19-impfungen
ZG,2021-01-23,5669,356,6025,https://www.zg.ch/behoerden/gesundheitsdirektion/statistikfachstelle/daten/themen/result-themen-14-03-12.csv
VD,2021-01-23,15648,,15648,https://monitoring.unisante.ch/d/krLTmEfGk/donnees-vaccination-covid-19-vaud
TG,2021-01-23,,,4016,https://www.tg.ch/news/fachstab-gesundheit-coronavirus.html/10552
LU,2021-01-23,11192,430,11622,https://www.lustat.ch/daten?id=28177
BS,2021-01-23,8762,2128,10890,https://data.bs.ch/explore/dataset/100111/download/?format=csv&timezone=Europe/Berlin&lang=en&use_labels_for_header=true&csv_separator=%3B
BL,2021-01-23,,,8315,https://www.baselland.ch/politik-und-behorden/direktionen/volkswirtschafts-und-gesundheitsdirektion/amt-fur-gesundheit/medizinische-dienste/kantonsarztlicher-dienst/aktuelles/covid-19-faelle-kanton-basel-landschaft/covid-19-impfungen
ZG,2021-01-22,5172,355,5527,https://www.zg.ch/behoerden/gesundheitsdirektion/statistikfachstelle/daten/themen/result-themen-14-03-12.csv
VS,2021-01-22,,,8945,https://www.vs.ch/documents/6756452/7008787/2021 01 22 - Sit Epid - État Stand
VD,2021-01-22,15445,,15445,https://monitoring.unisante.ch/d/krLTmEfGk/donnees-vaccination-covid-19-vaud
UR,2021-01-22,,,1134,https://www.ur.ch/_rte/information/74728
TG,2021-01-22,,,4016,https://www.tg.ch/news/fachstab-gesundheit-coronavirus.html/10552
SO,2021-01-22,10075,,10075,https://corona.so.ch/index.php?id=27979
LU,2021-01-22,10239,190,10429,https://www.lustat.ch/daten?id=28177
BS,2021-01-22,8678,2128,10806,https://data.bs.ch/explore/dataset/100111/download/?format=csv&timezone=Europe/Berlin&lang=en&use_labels_for_header=true&csv_separator=%3B
BL,2021-01-22,,,8315,https://www.baselland.ch/politik-und-behorden/direktionen/volkswirtschafts-und-gesundheitsdirektion/amt-fur-gesundheit/medizinische-dienste/kantonsarztlicher-dienst/aktuelles/covid-19-faelle-kanton-basel-landschaft/covid-19-impfungen
BE,2021-01-22,,0,12126,https://www.besondere-lage.sites.be.ch/de/start/impfen.html
AI,2021-01-22,,,823,https://www.ai.ch/themen/gesundheit-alter-und-soziales/gesundheitsfoerderung-und-praevention/uebertragbare-krankheiten/coronavirus/impfung
ZG,2021-01-21,4468,335,4803,https://www.zg.ch/behoerden/gesundheitsdirektion/statistikfachstelle/daten/themen/result-themen-14-03-12.csv
VS,2021-01-21,,,7975,https://www.vs.ch/documents/6756452/7008787/2021 01 21 - Sit Epid - État Stand
VD,2021-01-21,13397,,13397,https://monitoring.unisante.ch/d/krLTmEfGk/donnees-vaccination-covid-19-vaud
TG,2021-01-21,,,3538,https://www.tg.ch/news/fachstab-gesundheit-coronavirus.html/10552
SO,2021-01-21,9387,,9387,https://corona.so.ch/index.php?id=27979
LU,2021-01-21,9180,0,9180,https://www.lustat.ch/daten?id=28177
BS,2021-01-21,8518,2128,10646,https://data.bs.ch/explore/dataset/100111/download/?format=csv&timezone=Europe/Berlin&lang=en&use_labels_for_header=true&csv_separator=%3B
BL,2021-01-21,,,7680,https://www.baselland.ch/politik-und-behorden/direktionen/volkswirtschafts-und-gesundheitsdirektion/amt-fur-gesundheit/medizinische-dienste/kantonsarztlicher-dienst/aktuelles/covid-19-faelle-kanton-basel-landschaft/covid-19-impfungen
BE,2021-01-21,,0,9904,https://www.besondere-lage.sites.be.ch/de/start/impfen.html
ZG,2021-01-20,3748,235,3983,https://www.zg.ch/behoerden/gesundheitsdirektion/statistikfachstelle/daten/themen/result-themen-14-03-12.csv
VS,2021-01-20,,,6825,https://www.vs.ch/documents/6756452/7008787/2021 01 20 - Sit Epid - État Stand
VD,2021-01-20,11086,,11086,https://monitoring.unisante.ch/d/krLTmEfGk/donnees-vaccination-covid-19-vaud
TG,2021-01-20,,,2962,https://www.tg.ch/news/fachstab-gesundheit-coronavirus.html/10552
SO,2021-01-20,8808,,8808,https://corona.so.ch/index.php?id=27979
LU,2021-01-20,8198,0,8198,https://www.lustat.ch/daten?id=28177
BS,2021-01-20,8428,2128,10556,https://data.bs.ch/explore/dataset/100111/download/?format=csv&timezone=Europe/Berlin&lang=en&use_labels_for_header=true&csv_separator=%3B
BL,2021-01-20,,,6989,https://www.baselland.ch/politik-und-behorden/direktionen/volkswirtschafts-und-gesundheitsdirektion/amt-fur-gesundheit/medizinische-dienste/kantonsarztlicher-dienst/aktuelles/covid-19-faelle-kanton-basel-landschaft/covid-19-impfungen
BE,2021-01-20,,0,7859,https://www.besondere-lage.sites.be.ch/de/start/impfen.html
ZG,2021-01-19,2939,218,3157,https://www.zg.ch/behoerden/gesundheitsdirektion/statistikfachstelle/daten/themen/result-themen-14-03-12.csv
VS,2021-01-19,,,6160,https://www.vs.ch/documents/6756452/7008787/2021 01 19 - Sit Epid - État Stand
VD,2021-01-19,9035,,9035,https://monitoring.unisante.ch/d/krLTmEfGk/donnees-vaccination-covid-19-vaud
TG,2021-01-19,,,2469,https://www.tg.ch/news/fachstab-gesundheit-coronavirus.html/10552
SO,2021-01-19,7934,,7934,https://corona.so.ch/index.php?id=27979
LU,2021-01-19,7578,0,7578,https://www.lustat.ch/daten?id=28177
BS,2021-01-19,8285,1259,9544,https://data.bs.ch/explore/dataset/100111/download/?format=csv&timezone=Europe/Berlin&lang=en&use_labels_for_header=true&csv_separator=%3B
BL,2021-01-19,,,6269,https://www.baselland.ch/politik-und-behorden/direktionen/volkswirtschafts-und-gesundheitsdirektion/amt-fur-gesundheit/medizinische-dienste/kantonsarztlicher-dienst/aktuelles/covid-19-faelle-kanton-basel-landschaft/covid-19-impfungen
BE,2021-01-19,,0,6064,https://www.besondere-lage.sites.be.ch/de/start/impfen.html
ZG,2021-01-18,2300,210,2508,https://www.zg.ch/behoerden/gesundheitsdirektion/statistikfachstelle/daten/themen/result-themen-14-03-12.csv
VS,2021-01-18,,,4215,https://www.vs.ch/documents/6756452/7008787/2021 01 18 - Sit Epid - État Stand
VD,2021-01-18,7311,,7311,https://monitoring.unisante.ch/d/krLTmEfGk/donnees-vaccination-covid-19-vaud
TG,2021-01-18,,,2158,https://www.tg.ch/news/fachstab-gesundheit-coronavirus.html/10552
SO,2021-01-18,7232,,7232,https://corona.so.ch/index.php?id=27979
NE,2021-01-18,,,2589,https://www.ne.ch/autorites/DFS/SCSP/medecin-cantonal/maladies-vaccinations/Pages/Covid-19-statistiques.aspx
LU,2021-01-18,7220,0,7220,https://www.lustat.ch/daten?id=28177
BS,2021-01-18,7227,623,7850,https://data.bs.ch/explore/dataset/100111/download/?format=csv&timezone=Europe/Berlin&lang=en&use_labels_for_header=true&csv_separator=%3B
BL,2021-01-18,,,5564,https://www.baselland.ch/politik-und-behorden/direktionen/volkswirtschafts-und-gesundheitsdirektion/amt-fur-gesundheit/medizinische-dienste/kantonsarztlicher-dienst/aktuelles/covid-19-faelle-kanton-basel-landschaft/covid-19-impfungen
BE,2021-01-18,,0,4387,https://www.besondere-lage.sites.be.ch/de/start/impfen.html
ZG,2021-01-17,1917,206,2121,https://www.zg.ch/behoerden/gesundheitsdirektion/statistikfachstelle/daten/themen/result-themen-14-03-12.csv
VD,2021-01-17,5686,,5686,https://monitoring.unisante.ch/d/krLTmEfGk/donnees-vaccination-covid-19-vaud
TG,2021-01-17,,,1887,https://www.tg.ch/news/fachstab-gesundheit-coronavirus.html/10552
BS,2021-01-17,7092,0,7092,https://data.bs.ch/explore/dataset/100111/download/?format=csv&timezone=Europe/Berlin&lang=en&use_labels_for_header=true&csv_separator=%3B
BL,2021-01-17,,,4849,https://www.baselland.ch/politik-und-behorden/direktionen/volkswirtschafts-und-gesundheitsdirektion/amt-fur-gesundheit/medizinische-dienste/kantonsarztlicher-dienst/aktuelles/covid-19-faelle-kanton-basel-landschaft/covid-19-impfungen
ZG,2021-01-16,1666,206,1872,https://www.zg.ch/behoerden/gesundheitsdirektion/statistikfachstelle/daten/themen/result-themen-14-03-12.csv
VD,2021-01-16,5477,,5477,https://monitoring.unisante.ch/d/krLTmEfGk/donnees-vaccination-covid-19-vaud
TG,2021-01-16,,,1887,https://www.tg.ch/news/fachstab-gesundheit-coronavirus.html/10552
LU,2021-01-16,7125,0,7125,https://www.lustat.ch/daten?id=28177
BS,2021-01-16,7092,0,7092,https://data.bs.ch/explore/dataset/100111/download/?format=csv&timezone=Europe/Berlin&lang=en&use_labels_for_header=true&csv_separator=%3B
BL,2021-01-16,,,4849,https://www.baselland.ch/politik-und-behorden/direktionen/volkswirtschafts-und-gesundheitsdirektion/amt-fur-gesundheit/medizinische-dienste/kantonsarztlicher-dienst/aktuelles/covid-19-faelle-kanton-basel-landschaft/covid-19-impfungen
ZG,2021-01-15,1420,204,1624,https://www.zg.ch/behoerden/gesundheitsdirektion/statistikfachstelle/daten/themen/result-themen-14-03-12.csv
VD,2021-01-15,5280,,5280,https://monitoring.unisante.ch/d/krLTmEfGk/donnees-vaccination-covid-19-vaud
TG,2021-01-15,,,1887,https://www.tg.ch/news/fachstab-gesundheit-coronavirus.html/10552
LU,2021-01-15,6634,0,6634,https://www.lustat.ch/daten?id=28177
BS,2021-01-15,5969,0,5969,https://data.bs.ch/explore/dataset/100111/download/?format=csv&timezone=Europe/Berlin&lang=en&use_labels_for_header=true&csv_separator=%3B
BL,2021-01-15,,,4849,https://www.baselland.ch/politik-und-behorden/direktionen/volkswirtschafts-und-gesundheitsdirektion/amt-fur-gesundheit/medizinische-dienste/kantonsarztlicher-dienst/aktuelles/covid-19-faelle-kanton-basel-landschaft/covid-19-impfungen
BE,2021-01-15,,0,3218,https://www.besondere-lage.sites.be.ch/de/start/impfen.html
ZG,2021-01-14,1184,159,1343,https://www.zg.ch/behoerden/gesundheitsdirektion/statistikfachstelle/daten/themen/result-themen-14-03-12.csv
VD,2021-01-14,4054,,4054,https://monitoring.unisante.ch/d/krLTmEfGk/donnees-vaccination-covid-19-vaud
TG,2021-01-14,,,1644,https://www.tg.ch/news/fachstab-gesundheit-coronavirus.html/10552
SO,2021-01-14,5744,,5744,https://corona.so.ch/index.php?id=27979
LU,2021-01-14,5981,0,5981,https://www.lustat.ch/daten?id=28177
BS,2021-01-14,4840,0,4840,https://data.bs.ch/explore/dataset/100111/download/?format=csv&timezone=Europe/Berlin&lang=en&use_labels_for_header=true&csv_separator=%3B
BL,2021-01-14,,,4279,https://www.baselland.ch/politik-und-behorden/direktionen/volkswirtschafts-und-gesundheitsdirektion/amt-fur-gesundheit/medizinische-dienste/kantonsarztlicher-dienst/aktuelles/covid-19-faelle-kanton-basel-landschaft/covid-19-impfungen
BE,2021-01-14,,0,2123,https://www.besondere-lage.sites.be.ch/de/start/impfen.html
ZG,2021-01-13,1032,98,1130,https://www.zg.ch/behoerden/gesundheitsdirektion/statistikfachstelle/daten/themen/result-themen-14-03-12.csv
VD,2021-01-13,3083,,3083,https://monitoring.unisante.ch/d/krLTmEfGk/donnees-vaccination-covid-19-vaud
TG,2021-01-13,,,1385,https://www.tg.ch/news/fachstab-gesundheit-coronavirus.html/10552
SO,2021-01-13,5003,,5003,https://corona.so.ch/index.php?id=27979
LU,2021-01-13,5620,0,5620,https://www.lustat.ch/daten?id=28177
BS,2021-01-13,4365,0,4365,https://data.bs.ch/explore/dataset/100111/download/?format=csv&timezone=Europe/Berlin&lang=en&use_labels_for_header=true&csv_separator=%3B
BL,2021-01-13,,,3689,https://www.baselland.ch/politik-und-behorden/direktionen/volkswirtschafts-und-gesundheitsdirektion/amt-fur-gesundheit/medizinische-dienste/kantonsarztlicher-dienst/aktuelles/covid-19-faelle-kanton-basel-landschaft/covid-19-impfungen
BE,2021-01-13,,0,1318,https://www.besondere-lage.sites.be.ch/de/start/impfen.html
ZG,2021-01-12,907,1,908,https://www.zg.ch/behoerden/gesundheitsdirektion/statistikfachstelle/daten/themen/result-themen-14-03-12.csv
VD,2021-01-12,1913,,1913,https://monitoring.unisante.ch/d/krLTmEfGk/donnees-vaccination-covid-19-vaud
TG,2021-01-12,,,1184,https://www.tg.ch/news/fachstab-gesundheit-coronavirus.html/10552
LU,2021-01-12,5137,0,5137,https://www.lustat.ch/daten?id=28177
BS,2021-01-12,3788,0,3788,https://data.bs.ch/explore/dataset/100111/download/?format=csv&timezone=Europe/Berlin&lang=en&use_labels_for_header=true&csv_separator=%3B
BL,2021-01-12,,,2979,https://www.baselland.ch/politik-und-behorden/direktionen/volkswirtschafts-und-gesundheitsdirektion/amt-fur-gesundheit/medizinische-dienste/kantonsarztlicher-dienst/aktuelles/covid-19-faelle-kanton-basel-landschaft/covid-19-impfungen
BE,2021-01-12,,0,573,https://www.besondere-lage.sites.be.ch/de/start/impfen.html
ZG,2021-01-11,757,0,757,https://www.zg.ch/behoerden/gesundheitsdirektion/statistikfachstelle/daten/themen/result-themen-14-03-12.csv
VD,2021-01-11,961,,961,https://monitoring.unisante.ch/d/krLTmEfGk/donnees-vaccination-covid-19-vaud
TG,2021-01-11,,,1087,https://www.tg.ch/news/fachstab-gesundheit-coronavirus.html/10552
NE,2021-01-11,,,1111,https://www.ne.ch/autorites/DFS/SCSP/medecin-cantonal/maladies-vaccinations/Pages/Covid-19-statistiques.aspx
LU,2021-01-11,4446,0,4446,https://www.lustat.ch/daten?id=28177
BS,2021-01-11,3788,0,3788,https://data.bs.ch/explore/dataset/100111/download/?format=csv&timezone=Europe/Berlin&lang=en&use_labels_for_header=true&csv_separator=%3B
BL,2021-01-11,,,2420,https://www.baselland.ch/politik-und-behorden/direktionen/volkswirtschafts-und-gesundheitsdirektion/amt-fur-gesundheit/medizinische-dienste/kantonsarztlicher-dienst/aktuelles/covid-19-faelle-kanton-basel-landschaft/covid-19-impfungen
ZG,2021-01-10,709,0,709,https://www.zg.ch/behoerden/gesundheitsdirektion/statistikfachstelle/daten/themen/result-themen-14-03-12.csv
VD,2021-01-10,374,,374,https://monitoring.unisante.ch/d/krLTmEfGk/donnees-vaccination-covid-19-vaud
TG,2021-01-10,,,1083,https://www.tg.ch/news/fachstab-gesundheit-coronavirus.html/10552
BS,2021-01-10,3788,0,3788,https://data.bs.ch/explore/dataset/100111/download/?format=csv&timezone=Europe/Berlin&lang=en&use_labels_for_header=true&csv_separator=%3B
BL,2021-01-10,,,1860,https://www.baselland.ch/politik-und-behorden/direktionen/volkswirtschafts-und-gesundheitsdirektion/amt-fur-gesundheit/medizinische-dienste/kantonsarztlicher-dienst/aktuelles/covid-19-faelle-kanton-basel-landschaft/covid-19-impfungen
ZG,2021-01-09,709,0,709,https://www.zg.ch/behoerden/gesundheitsdirektion/statistikfachstelle/daten/themen/result-themen-14-03-12.csv
VD,2021-01-09,344,,344,https://monitoring.unisante.ch/d/krLTmEfGk/donnees-vaccination-covid-19-vaud
TG,2021-01-09,,,1083,https://www.tg.ch/news/fachstab-gesundheit-coronavirus.html/10552
LU,2021-01-09,3860,0,3860,https://www.lustat.ch/daten?id=28177
BS,2021-01-09,3788,0,3788,https://data.bs.ch/explore/dataset/100111/download/?format=csv&timezone=Europe/Berlin&lang=en&use_labels_for_header=true&csv_separator=%3B
BL,2021-01-09,,,1860,https://www.baselland.ch/politik-und-behorden/direktionen/volkswirtschafts-und-gesundheitsdirektion/amt-fur-gesundheit/medizinische-dienste/kantonsarztlicher-dienst/aktuelles/covid-19-faelle-kanton-basel-landschaft/covid-19-impfungen
ZG,2021-01-08,709,0,709,https://www.zg.ch/behoerden/gesundheitsdirektion/statistikfachstelle/daten/themen/result-themen-14-03-12.csv
VD,2021-01-08,309,,309,https://monitoring.unisante.ch/d/krLTmEfGk/donnees-vaccination-covid-19-vaud
TG,2021-01-08,,,1083,https://www.tg.ch/news/fachstab-gesundheit-coronavirus.html/10552
LU,2021-01-08,3665,0,3665,https://www.lustat.ch/daten?id=28177
BS,2021-01-08,3788,0,3788,https://data.bs.ch/explore/dataset/100111/download/?format=csv&timezone=Europe/Berlin&lang=en&use_labels_for_header=true&csv_separator=%3B
BL,2021-01-08,,,1860,https://www.baselland.ch/politik-und-behorden/direktionen/volkswirtschafts-und-gesundheitsdirektion/amt-fur-gesundheit/medizinische-dienste/kantonsarztlicher-dienst/aktuelles/covid-19-faelle-kanton-basel-landschaft/covid-19-impfungen
ZG,2021-01-07,555,0,555,https://www.zg.ch/behoerden/gesundheitsdirektion/statistikfachstelle/daten/themen/result-themen-14-03-12.csv
VD,2021-01-07,203,,203,https://monitoring.unisante.ch/d/krLTmEfGk/donnees-vaccination-covid-19-vaud
TG,2021-01-07,,,856,https://www.tg.ch/news/fachstab-gesundheit-coronavirus.html/10552
LU,2021-01-07,2878,0,2878,https://www.lustat.ch/daten?id=28177
BS,2021-01-07,3788,0,3788,https://data.bs.ch/explore/dataset/100111/download/?format=csv&timezone=Europe/Berlin&lang=en&use_labels_for_header=true&csv_separator=%3B
BL,2021-01-07,,,1540,https://www.baselland.ch/politik-und-behorden/direktionen/volkswirtschafts-und-gesundheitsdirektion/amt-fur-gesundheit/medizinische-dienste/kantonsarztlicher-dienst/aktuelles/covid-19-faelle-kanton-basel-landschaft/covid-19-impfungen
ZG,2021-01-06,450,0,450,https://www.zg.ch/behoerden/gesundheitsdirektion/statistikfachstelle/daten/themen/result-themen-14-03-12.csv
TG,2021-01-06,,,572,https://www.tg.ch/news/fachstab-gesundheit-coronavirus.html/10552
LU,2021-01-06,2207,0,2207,https://www.lustat.ch/daten?id=28177
BS,2021-01-06,3788,0,3788,https://data.bs.ch/explore/dataset/100111/download/?format=csv&timezone=Europe/Berlin&lang=en&use_labels_for_header=true&csv_separator=%3B
BL,2021-01-06,,,1022,https://www.baselland.ch/politik-und-behorden/direktionen/volkswirtschafts-und-gesundheitsdirektion/amt-fur-gesundheit/medizinische-dienste/kantonsarztlicher-dienst/aktuelles/covid-19-faelle-kanton-basel-landschaft/covid-19-impfungen
ZG,2021-01-05,350,0,350,https://www.zg.ch/behoerden/gesundheitsdirektion/statistikfachstelle/daten/themen/result-themen-14-03-12.csv
TG,2021-01-05,,,446,https://www.tg.ch/news/fachstab-gesundheit-coronavirus.html/10552
LU,2021-01-05,1895,0,1895,https://www.lustat.ch/daten?id=28177
BS,2021-01-05,3161,0,3161,https://data.bs.ch/explore/dataset/100111/download/?format=csv&timezone=Europe/Berlin&lang=en&use_labels_for_header=true&csv_separator=%3B
BL,2021-01-05,,,708,https://www.baselland.ch/politik-und-behorden/direktionen/volkswirtschafts-und-gesundheitsdirektion/amt-fur-gesundheit/medizinische-dienste/kantonsarztlicher-dienst/aktuelles/covid-19-faelle-kanton-basel-landschaft/covid-19-impfungen
ZG,2021-01-04,350,0,350,https://www.zg.ch/behoerden/gesundheitsdirektion/statistikfachstelle/daten/themen/result-themen-14-03-12.csv
NE,2021-01-04,,,622,https://www.ne.ch/autorites/DFS/SCSP/medecin-cantonal/maladies-vaccinations/Pages/Covid-19-statistiques.aspx
BS,2021-01-04,2679,0,2679,https://data.bs.ch/explore/dataset/100111/download/?format=csv&timezone=Europe/Berlin&lang=en&use_labels_for_header=true&csv_separator=%3B
BL,2021-01-04,,,489,https://www.baselland.ch/politik-und-behorden/direktionen/volkswirtschafts-und-gesundheitsdirektion/amt-fur-gesundheit/medizinische-dienste/kantonsarztlicher-dienst/aktuelles/covid-19-faelle-kanton-basel-landschaft/covid-19-impfungen
ZG,2021-01-03,350,0,350,https://www.zg.ch/behoerden/gesundheitsdirektion/statistikfachstelle/daten/themen/result-themen-14-03-12.csv
BS,2021-01-03,2177,0,2177,https://data.bs.ch/explore/dataset/100111/download/?format=csv&timezone=Europe/Berlin&lang=en&use_labels_for_header=true&csv_separator=%3B
BL,2021-01-03,,,252,https://www.baselland.ch/politik-und-behorden/direktionen/volkswirtschafts-und-gesundheitsdirektion/amt-fur-gesundheit/medizinische-dienste/kantonsarztlicher-dienst/aktuelles/covid-19-faelle-kanton-basel-landschaft/covid-19-impfungen
ZG,2021-01-02,350,0,350,https://www.zg.ch/behoerden/gesundheitsdirektion/statistikfachstelle/daten/themen/result-themen-14-03-12.csv
BS,2021-01-02,2177,0,2177,https://data.bs.ch/explore/dataset/100111/download/?format=csv&timezone=Europe/Berlin&lang=en&use_labels_for_header=true&csv_separator=%3B
BL,2021-01-02,,,252,https://www.baselland.ch/politik-und-behorden/direktionen/volkswirtschafts-und-gesundheitsdirektion/amt-fur-gesundheit/medizinische-dienste/kantonsarztlicher-dienst/aktuelles/covid-19-faelle-kanton-basel-landschaft/covid-19-impfungen
ZG,2021-01-01,350,0,350,https://www.zg.ch/behoerden/gesundheitsdirektion/statistikfachstelle/daten/themen/result-themen-14-03-12.csv
BS,2021-01-01,2177,0,2177,https://data.bs.ch/explore/dataset/100111/download/?format=csv&timezone=Europe/Berlin&lang=en&use_labels_for_header=true&csv_separator=%3B
BL,2021-01-01,,,252,https://www.baselland.ch/politik-und-behorden/direktionen/volkswirtschafts-und-gesundheitsdirektion/amt-fur-gesundheit/medizinische-dienste/kantonsarztlicher-dienst/aktuelles/covid-19-faelle-kanton-basel-landschaft/covid-19-impfungen
ZG,2020-12-31,350,0,350,https://www.zg.ch/behoerden/gesundheitsdirektion/statistikfachstelle/daten/themen/result-themen-14-03-12.csv
BS,2020-12-31,2177,0,2177,https://data.bs.ch/explore/dataset/100111/download/?format=csv&timezone=Europe/Berlin&lang=en&use_labels_for_header=true&csv_separator=%3B
BL,2020-12-31,,,252,https://www.baselland.ch/politik-und-behorden/direktionen/volkswirtschafts-und-gesundheitsdirektion/amt-fur-gesundheit/medizinische-dienste/kantonsarztlicher-dienst/aktuelles/covid-19-faelle-kanton-basel-landschaft/covid-19-impfungen
ZG,2020-12-30,350,0,350,https://www.zg.ch/behoerden/gesundheitsdirektion/statistikfachstelle/daten/themen/result-themen-14-03-12.csv
VD,2020-12-30,97,,97,https://monitoring.unisante.ch/d/krLTmEfGk/donnees-vaccination-covid-19-vaud
LU,2020-12-30,1305,0,1305,https://www.lustat.ch/daten?id=28177
BS,2020-12-30,2177,0,2177,https://data.bs.ch/explore/dataset/100111/download/?format=csv&timezone=Europe/Berlin&lang=en&use_labels_for_header=true&csv_separator=%3B
BL,2020-12-30,,,252,https://www.baselland.ch/politik-und-behorden/direktionen/volkswirtschafts-und-gesundheitsdirektion/amt-fur-gesundheit/medizinische-dienste/kantonsarztlicher-dienst/aktuelles/covid-19-faelle-kanton-basel-landschaft/covid-19-impfungen
ZG,2020-12-29,350,0,350,https://www.zg.ch/behoerden/gesundheitsdirektion/statistikfachstelle/daten/themen/result-themen-14-03-12.csv
VD,2020-12-29,10,,10,https://monitoring.unisante.ch/d/krLTmEfGk/donnees-vaccination-covid-19-vaud
LU,2020-12-29,1275,0,1275,https://www.lustat.ch/daten?id=28177
BS,2020-12-29,1278,0,1278,https://data.bs.ch/explore/dataset/100111/download/?format=csv&timezone=Europe/Berlin&lang=en&use_labels_for_header=true&csv_separator=%3B
BL,2020-12-29,,,121,https://www.baselland.ch/politik-und-behorden/direktionen/volkswirtschafts-und-gesundheitsdirektion/amt-fur-gesundheit/medizinische-dienste/kantonsarztlicher-dienst/aktuelles/covid-19-faelle-kanton-basel-landschaft/covid-19-impfungen
ZG,2020-12-28,250,0,250,https://www.zg.ch/behoerden/gesundheitsdirektion/statistikfachstelle/daten/themen/result-themen-14-03-12.csv
NE,2020-12-28,,,213,https://www.ne.ch/autorites/DFS/SCSP/medecin-cantonal/maladies-vaccinations/Pages/Covid-19-statistiques.aspx
LU,2020-12-28,1070,0,1070,https://www.lustat.ch/daten?id=28177
BS,2020-12-28,636,0,636,https://data.bs.ch/explore/dataset/100111/download/?format=csv&timezone=Europe/Berlin&lang=en&use_labels_for_header=true&csv_separator=%3B
BL,2020-12-28,,,66,https://www.baselland.ch/politik-und-behorden/direktionen/volkswirtschafts-und-gesundheitsdirektion/amt-fur-gesundheit/medizinische-dienste/kantonsarztlicher-dienst/aktuelles/covid-19-faelle-kanton-basel-landschaft/covid-19-impfungen
ZG,2020-12-27,250,0,250,https://www.zg.ch/behoerden/gesundheitsdirektion/statistikfachstelle/daten/themen/result-themen-14-03-12.csv
BL,2020-12-27,,,0,https://www.baselland.ch/politik-und-behorden/direktionen/volkswirtschafts-und-gesundheitsdirektion/amt-fur-gesundheit/medizinische-dienste/kantonsarztlicher-dienst/aktuelles/covid-19-faelle-kanton-basel-landschaft/covid-19-impfungen
ZG,2020-12-26,250,0,250,https://www.zg.ch/behoerden/gesundheitsdirektion/statistikfachstelle/daten/themen/result-themen-14-03-12.csv
LU,2020-12-26,725,0,725,https://www.lustat.ch/daten?id=28177
ZG,2020-12-25,250,0,250,https://www.zg.ch/behoerden/gesundheitsdirektion/statistikfachstelle/daten/themen/result-themen-14-03-12.csv
ZG,2020-12-24,250,0,250,https://www.zg.ch/behoerden/gesundheitsdirektion/statistikfachstelle/daten/themen/result-themen-14-03-12.csv
LU,2020-12-24,245,0,245,https://www.lustat.ch/daten?id=28177
ZG,2020-12-23,250,0,250,https://www.zg.ch/behoerden/gesundheitsdirektion/statistikfachstelle/daten/themen/result-themen-14-03-12.csv
LU,2020-12-23,65,0,65,https://www.lustat.ch/daten?id=28177
